{
  "10": [
    -75.78902,
    38.45113,
    -74.98417,
    39.83952
  ],
  "11": [
    -77.11976,
    38.79164,
    -76.90939,
    38.99585
  ],
  "12": [
    -87.6349,
    24.39631,
    -79.97431,
    31.00097
  ],
  "13": [
    -85.60517,
    30.35576,
    -80.78296,
    35.0013
  ],
  "15": [
    -178.44359,
    18.86546,
    -154.75579,
    28.51727
  ],
  "16": [
    -117.24303,
    41.98818,
    -111.04349,
    49.00085
  ],
  "17": [
    -91.51308,
    36.9703,
    -87.01994,
    42.50848
  ],
  "18": [
    -88.09789,
    37.77167,
    -84.78453,
    41.76137
  ],
  "19": [
    -96.63948,
    40.37544,
    -90.14006,
    43.5012
  ],
  "20": [
    -102.05177,
    36.99302,
    -94.58839,
    40.00317
  ],
  "21": [
    -89.5712,
    36.49706,
    -81.96479,
    39.14773
  ],
  "22": [
    -94.04335,
    28.85513,
    -88.75839,
    33.01962
  ],
  "23": [
    -71.08393,
    42.91713,
    -66.88544,
    47.45983
  ],
  "24": [
    -79.48765,
    37.8866,
    -74.98628,
    39.72304
  ],
  "25": [
    -73.50821,
    41.18705,
    -69.85886,
    42.88678
  ],
  "26": [
    -90.41839,
    41.69612,
    -82.12297,
    48.30606
  ],
  "27": [
    -97.23909,
    43.49936,
    -89.48339,
    49.38448
  ],
  "28": [
    -91.65501,
    30.13985,
    -88.09789,
    34.9961
  ],
  "29": [
    -95.7747,
    35.99568,
    -89.09897,
    40.61364
  ],
  "30": [
    -116.04915,
    44.35791,
    -104.03969,
    49.00111
  ],
  "31": [
    -104.05351,
    39.99993,
    -95.30829,
    43.00171
  ],
  "32": [
    -120.00647,
    35.00186,
    -114.03946,
    42.00184
  ],
  "33": [
    -72.55712,
    42.69704,
    -70.57509,
    45.30578
  ],
  "34": [
    -75.56359,
    38.78866,
    -73.88506,
    41.35761
  ],
  "35": [
    -109.05043,
    31.33216,
    -103.00204,
    37.00023
  ],
  "36": [
    -79.76259,
    40.47658,
    -71.77749,
    45.01586
  ],
  "37": [
    -84.32182,
    33.75288,
    -75.40012,
    36.58814
  ],
  "38": [
    -104.04901,
    45.93507,
    -96.55441,
    49.00056
  ],
  "39": [
    -84.8203,
    38.40342,
    -80.5187,
    42.32713
  ],
  "40": [
    -103.00241,
    33.61579,
    -94.43101,
    37.00231
  ],
  "41": [
    -124.70354,
    41.99208,
    -116.46326,
    46.2991
  ],
  "42": [
    -80.51985,
    39.7198,
    -74.68956,
    42.51607
  ],
  "44": [
    -71.90726,
    41.09583,
    -71.08857,
    42.0188
  ],
  "45": [
    -83.35393,
    31.99595,
    -78.4993,
    35.21549
  ],
  "46": [
    -104.05788,
    42.47969,
    -96.43647,
    45.94538
  ],
  "47": [
    -90.31049,
    34.98292,
    -81.6469,
    36.67826
  ],
  "48": [
    -106.64565,
    25.83705,
    -93.50804,
    36.5007
  ],
  "49": [
    -114.05288,
    36.99766,
    -109.04157,
    42.0017
  ],
  "50": [
    -73.4379,
    42.72693,
    -71.46505,
    45.01666
  ],
  "51": [
    -83.67539,
    36.54085,
    -75.16643,
    39.46601
  ],
  "53": [
    -124.84897,
    45.54354,
    -116.91607,
    49.00244
  ],
  "54": [
    -82.64459,
    37.20154,
    -77.71952,
    40.6388
  ],
  "55": [
    -92.88943,
    42.49172,
    -86.24955,
    47.30982
  ],
  "56": [
    -111.05456,
    40.99477,
    -104.05225,
    45.00582
  ],
  "01": [
    -88.47323,
    30.14443,
    -84.88825,
    35.00803
  ],
  "02": [
    -179.23109,
    51.17509,
    179.85968,
    71.43979
  ],
  "04": [
    -114.8163,
    31.33234,
    -109.04517,
    37.00372
  ],
  "05": [
    -94.61786,
    33.00428,
    -89.641,
    36.49975
  ],
  "06": [
    -124.482,
    32.52951,
    -114.13121,
    42.0095
  ],
  "08": [
    -109.0602,
    36.99245,
    -102.04152,
    41.00344
  ],
  "09": [
    -73.72777,
    40.95094,
    -71.78724,
    42.05051
  ]
}
